-- MySQL dump 10.13  Distrib 5.7.33, for Win64 (x86_64)
--
-- Host: localhost    Database: coba
-- ------------------------------------------------------
-- Server version	5.7.33

/*!40101 SET @OLD_CHARACTER_SET_CLIENT=@@CHARACTER_SET_CLIENT */;
/*!40101 SET @OLD_CHARACTER_SET_RESULTS=@@CHARACTER_SET_RESULTS */;
/*!40101 SET @OLD_COLLATION_CONNECTION=@@COLLATION_CONNECTION */;
/*!40101 SET NAMES utf8 */;
/*!40103 SET @OLD_TIME_ZONE=@@TIME_ZONE */;
/*!40103 SET TIME_ZONE='+00:00' */;
/*!40014 SET @OLD_UNIQUE_CHECKS=@@UNIQUE_CHECKS, UNIQUE_CHECKS=0 */;
/*!40014 SET @OLD_FOREIGN_KEY_CHECKS=@@FOREIGN_KEY_CHECKS, FOREIGN_KEY_CHECKS=0 */;
/*!40101 SET @OLD_SQL_MODE=@@SQL_MODE, SQL_MODE='NO_AUTO_VALUE_ON_ZERO' */;
/*!40111 SET @OLD_SQL_NOTES=@@SQL_NOTES, SQL_NOTES=0 */;

--
-- Table structure for table `categories`
--

DROP TABLE IF EXISTS `categories`;
/*!40101 SET @saved_cs_client     = @@character_set_client */;
/*!40101 SET character_set_client = utf8 */;
CREATE TABLE `categories` (
  `id` bigint(20) unsigned NOT NULL AUTO_INCREMENT,
  `namecat` varchar(255) COLLATE utf8mb4_unicode_ci NOT NULL,
  `slugcat` varchar(255) COLLATE utf8mb4_unicode_ci NOT NULL,
  `created_at` timestamp NULL DEFAULT NULL,
  `updated_at` timestamp NULL DEFAULT NULL,
  PRIMARY KEY (`id`),
  UNIQUE KEY `categories_namecat_unique` (`namecat`),
  UNIQUE KEY `categories_slugcat_unique` (`slugcat`)
) ENGINE=InnoDB AUTO_INCREMENT=4 DEFAULT CHARSET=utf8mb4 COLLATE=utf8mb4_unicode_ci;
/*!40101 SET character_set_client = @saved_cs_client */;

--
-- Dumping data for table `categories`
--

LOCK TABLES `categories` WRITE;
/*!40000 ALTER TABLE `categories` DISABLE KEYS */;
INSERT INTO `categories` VALUES (1,'Web Programming','web-programming','2021-11-24 20:30:10','2021-11-24 20:30:10'),(2,'Web Design','web-design','2021-11-24 20:30:10','2021-11-24 20:30:10'),(3,'Personal','personal','2021-11-24 20:30:10','2021-11-24 20:30:10');
/*!40000 ALTER TABLE `categories` ENABLE KEYS */;
UNLOCK TABLES;

--
-- Table structure for table `failed_jobs`
--

DROP TABLE IF EXISTS `failed_jobs`;
/*!40101 SET @saved_cs_client     = @@character_set_client */;
/*!40101 SET character_set_client = utf8 */;
CREATE TABLE `failed_jobs` (
  `id` bigint(20) unsigned NOT NULL AUTO_INCREMENT,
  `uuid` varchar(255) COLLATE utf8mb4_unicode_ci NOT NULL,
  `connection` text COLLATE utf8mb4_unicode_ci NOT NULL,
  `queue` text COLLATE utf8mb4_unicode_ci NOT NULL,
  `payload` longtext COLLATE utf8mb4_unicode_ci NOT NULL,
  `exception` longtext COLLATE utf8mb4_unicode_ci NOT NULL,
  `failed_at` timestamp NOT NULL DEFAULT CURRENT_TIMESTAMP,
  PRIMARY KEY (`id`),
  UNIQUE KEY `failed_jobs_uuid_unique` (`uuid`)
) ENGINE=InnoDB DEFAULT CHARSET=utf8mb4 COLLATE=utf8mb4_unicode_ci;
/*!40101 SET character_set_client = @saved_cs_client */;

--
-- Dumping data for table `failed_jobs`
--

LOCK TABLES `failed_jobs` WRITE;
/*!40000 ALTER TABLE `failed_jobs` DISABLE KEYS */;
/*!40000 ALTER TABLE `failed_jobs` ENABLE KEYS */;
UNLOCK TABLES;

--
-- Table structure for table `migrations`
--

DROP TABLE IF EXISTS `migrations`;
/*!40101 SET @saved_cs_client     = @@character_set_client */;
/*!40101 SET character_set_client = utf8 */;
CREATE TABLE `migrations` (
  `id` int(10) unsigned NOT NULL AUTO_INCREMENT,
  `migration` varchar(255) COLLATE utf8mb4_unicode_ci NOT NULL,
  `batch` int(11) NOT NULL,
  PRIMARY KEY (`id`)
) ENGINE=InnoDB AUTO_INCREMENT=7 DEFAULT CHARSET=utf8mb4 COLLATE=utf8mb4_unicode_ci;
/*!40101 SET character_set_client = @saved_cs_client */;

--
-- Dumping data for table `migrations`
--

LOCK TABLES `migrations` WRITE;
/*!40000 ALTER TABLE `migrations` DISABLE KEYS */;
INSERT INTO `migrations` VALUES (1,'2014_10_12_000000_create_users_table',1),(2,'2014_10_12_100000_create_password_resets_table',1),(3,'2019_08_19_000000_create_failed_jobs_table',1),(4,'2019_12_14_000001_create_personal_access_tokens_table',1),(5,'2021_11_17_013853_create_posts_table',1),(6,'2021_11_17_073254_create_categories_table',1);
/*!40000 ALTER TABLE `migrations` ENABLE KEYS */;
UNLOCK TABLES;

--
-- Table structure for table `password_resets`
--

DROP TABLE IF EXISTS `password_resets`;
/*!40101 SET @saved_cs_client     = @@character_set_client */;
/*!40101 SET character_set_client = utf8 */;
CREATE TABLE `password_resets` (
  `email` varchar(255) COLLATE utf8mb4_unicode_ci NOT NULL,
  `token` varchar(255) COLLATE utf8mb4_unicode_ci NOT NULL,
  `created_at` timestamp NULL DEFAULT NULL,
  KEY `password_resets_email_index` (`email`)
) ENGINE=InnoDB DEFAULT CHARSET=utf8mb4 COLLATE=utf8mb4_unicode_ci;
/*!40101 SET character_set_client = @saved_cs_client */;

--
-- Dumping data for table `password_resets`
--

LOCK TABLES `password_resets` WRITE;
/*!40000 ALTER TABLE `password_resets` DISABLE KEYS */;
/*!40000 ALTER TABLE `password_resets` ENABLE KEYS */;
UNLOCK TABLES;

--
-- Table structure for table `personal_access_tokens`
--

DROP TABLE IF EXISTS `personal_access_tokens`;
/*!40101 SET @saved_cs_client     = @@character_set_client */;
/*!40101 SET character_set_client = utf8 */;
CREATE TABLE `personal_access_tokens` (
  `id` bigint(20) unsigned NOT NULL AUTO_INCREMENT,
  `tokenable_type` varchar(255) COLLATE utf8mb4_unicode_ci NOT NULL,
  `tokenable_id` bigint(20) unsigned NOT NULL,
  `name` varchar(255) COLLATE utf8mb4_unicode_ci NOT NULL,
  `token` varchar(64) COLLATE utf8mb4_unicode_ci NOT NULL,
  `abilities` text COLLATE utf8mb4_unicode_ci,
  `last_used_at` timestamp NULL DEFAULT NULL,
  `created_at` timestamp NULL DEFAULT NULL,
  `updated_at` timestamp NULL DEFAULT NULL,
  PRIMARY KEY (`id`),
  UNIQUE KEY `personal_access_tokens_token_unique` (`token`),
  KEY `personal_access_tokens_tokenable_type_tokenable_id_index` (`tokenable_type`,`tokenable_id`)
) ENGINE=InnoDB DEFAULT CHARSET=utf8mb4 COLLATE=utf8mb4_unicode_ci;
/*!40101 SET character_set_client = @saved_cs_client */;

--
-- Dumping data for table `personal_access_tokens`
--

LOCK TABLES `personal_access_tokens` WRITE;
/*!40000 ALTER TABLE `personal_access_tokens` DISABLE KEYS */;
/*!40000 ALTER TABLE `personal_access_tokens` ENABLE KEYS */;
UNLOCK TABLES;

--
-- Table structure for table `posts`
--

DROP TABLE IF EXISTS `posts`;
/*!40101 SET @saved_cs_client     = @@character_set_client */;
/*!40101 SET character_set_client = utf8 */;
CREATE TABLE `posts` (
  `id` bigint(20) unsigned NOT NULL AUTO_INCREMENT,
  `category_id` bigint(20) unsigned NOT NULL,
  `user_id` bigint(20) unsigned NOT NULL,
  `title` varchar(255) COLLATE utf8mb4_unicode_ci NOT NULL,
  `slug` varchar(255) COLLATE utf8mb4_unicode_ci NOT NULL,
  `readmore` text COLLATE utf8mb4_unicode_ci NOT NULL,
  `body` text COLLATE utf8mb4_unicode_ci NOT NULL,
  `published_at` timestamp NULL DEFAULT NULL,
  `created_at` timestamp NULL DEFAULT NULL,
  `updated_at` timestamp NULL DEFAULT NULL,
  PRIMARY KEY (`id`),
  UNIQUE KEY `posts_slug_unique` (`slug`)
) ENGINE=InnoDB AUTO_INCREMENT=31 DEFAULT CHARSET=utf8mb4 COLLATE=utf8mb4_unicode_ci;
/*!40101 SET character_set_client = @saved_cs_client */;

--
-- Dumping data for table `posts`
--

LOCK TABLES `posts` WRITE;
/*!40000 ALTER TABLE `posts` DISABLE KEYS */;
INSERT INTO `posts` VALUES (1,2,2,'Eos mollitia laboriosam at.','ullam-blanditiis-architecto-voluptates-eum-dolorum-commodi-est-omnis','Veritatis voluptatem consequuntur beatae quo et architecto. Porro saepe in quo ipsa reiciendis voluptatem. Consequatur voluptatum voluptate et dicta harum debitis. Ex officia deleniti expedita aut.','<p>Inventore exercitationem et sed rerum. Consequuntur qui corrupti voluptatibus. Dicta nulla exercitationem tenetur esse. Tenetur nam quasi modi sit sint consequatur unde.</p><p>Et aut unde sapiente sed. Laborum porro non neque quia. Itaque et voluptatem est doloribus fuga et ex. Sint magnam dolores esse consequatur dolore doloremque vitae.</p><p>Sit et occaecati vitae error. Impedit similique nihil et maxime optio. Magni sequi rerum qui omnis dolorem possimus ut. Error dolores est recusandae ut minima autem.</p><p>At odio accusantium hic molestiae expedita est. Est ad rerum exercitationem exercitationem nam debitis. Est impedit enim architecto libero et voluptatem vero.</p><p>Rem a aperiam necessitatibus laudantium reprehenderit. Dolorem totam voluptatem quis voluptatibus quia. Delectus nesciunt quam doloribus accusantium.</p><p>Id ipsa quis pariatur quas facere. Rem consequatur enim voluptatum doloribus odit sint unde.</p><p>Officia rerum eveniet atque iure labore. Id illo quo qui vel facilis. In recusandae inventore consequatur voluptatum.</p><p>Nam labore nulla iste labore et. Nulla eaque quia id beatae autem ex. Quae maxime necessitatibus qui unde laudantium aut minus. Vitae voluptatem eligendi modi voluptatem.</p>',NULL,'2021-11-24 20:30:10','2021-11-24 20:30:10'),(2,2,2,'Ipsum sequi numquam alias sint laboriosam sequi aliquam.','unde-repellat-quia-eos-amet-quia-sunt','Reprehenderit aut deserunt atque doloribus quam. Nam fugiat distinctio est et.','<p>Et sed modi aut. Totam illo sunt quia sunt. Similique voluptatem aliquid vel nihil id. Impedit illo in quod sunt praesentium culpa.</p><p>Voluptas quis voluptas deserunt culpa. Magnam voluptatem eaque porro doloremque nihil sunt qui. Qui et illo itaque vero minima.</p><p>Quia et ut non velit iure. Eos facilis vel sed veniam qui.</p><p>Autem et distinctio atque quia et odit et. Aspernatur et provident sit qui doloremque officiis enim. Recusandae nemo deserunt impedit omnis omnis nemo non.</p><p>Nobis qui ratione vitae sed facere possimus a. Doloremque non et officiis sint atque. A modi culpa quo facilis enim in. Eius sapiente dolor earum eligendi corrupti aut.</p>',NULL,'2021-11-24 20:30:10','2021-11-24 20:30:10'),(3,2,3,'Laborum asperiores ut sit labore.','nobis-numquam-quibusdam-aut-laudantium-molestiae-aliquid-ea','Quaerat consequuntur delectus inventore maiores nesciunt adipisci. Voluptates illum quasi corporis placeat nihil. Et quia eum laborum eligendi exercitationem quia. Et ea blanditiis autem ullam deleniti.','<p>Recusandae ex dignissimos vel dolorem sunt velit molestias nesciunt. Ut qui eius odit quidem magni quia. Sed enim quis hic dignissimos. Incidunt distinctio at ea nostrum quibusdam.</p><p>Rerum reiciendis eveniet at. Veniam deserunt rem est velit aspernatur harum. Sed cum nostrum quo autem qui nisi.</p><p>Ut in quia asperiores voluptate tempora sint. Eos et soluta quidem quis est dolorem eos debitis. Quo provident placeat autem et. Illo unde eos harum labore. Quo beatae eos sunt repellendus similique.</p><p>Maxime fugiat qui temporibus reprehenderit ea velit soluta occaecati. Temporibus qui quo iste aut. Ducimus ullam dolore vero sit. Consectetur debitis distinctio dolorem sit.</p><p>Ut fuga tempora quia laboriosam vel. Voluptas ut nisi quidem. Dolore mollitia ut sed ipsum rerum.</p>',NULL,'2021-11-24 20:30:10','2021-11-24 20:30:10'),(4,2,3,'Porro possimus temporibus ea in esse sint.','fuga-et-tenetur-sint-blanditiis','Voluptate molestiae eius voluptatem unde totam beatae beatae. Accusantium fugit qui eum illum fugit aut. Occaecati sint voluptatem doloremque. Quia quo temporibus voluptatum recusandae.','<p>Exercitationem quibusdam a delectus ea odio eum. Consectetur quod iste quo voluptas enim molestiae perspiciatis.</p><p>Quaerat dolor quasi eius et dolorem et et laborum. Ab sit suscipit est in maiores. Ipsa quibusdam temporibus reprehenderit laboriosam. Laboriosam omnis rerum consequuntur alias sed.</p><p>Dolorum ratione nam dolores dignissimos qui ducimus a molestiae. Molestiae voluptate dolores quis omnis. Exercitationem fugiat quia aut similique illo ut consectetur.</p><p>Sit consequuntur maiores consequatur. Rerum a ex praesentium sint et est. Quos voluptatibus libero sunt quasi fuga voluptatem minus.</p><p>Quo illum corporis rerum est deleniti nostrum. Modi officiis odio rem illo consequatur tempore voluptate officiis. Recusandae officiis quas officiis sed.</p><p>Harum consequuntur inventore sunt in cumque sed non. Quis aperiam sint est nihil. Delectus aut perferendis tenetur adipisci quasi enim. Aut et iure facere.</p><p>Veritatis consequuntur qui optio quia. Et architecto dolorem omnis consequatur ex. Ducimus et illum optio sed dolor. Debitis magni fugiat cum ut et quo.</p>',NULL,'2021-11-24 20:30:10','2021-11-24 20:30:10'),(5,1,1,'Laborum nesciunt eligendi quaerat ullam.','corporis-animi-qui-ducimus-qui','Veritatis dolor commodi est doloremque in. Beatae doloremque distinctio commodi dolorum non ut non et. Quisquam in est fuga aperiam. Tempore magni in dolores veritatis.','<p>Omnis a voluptate deleniti magni id quod enim fuga. Quaerat et quia temporibus fugit quae est.</p><p>Placeat et pariatur sit sed quo. Et maxime ut ea consectetur. Facere ut minus ea veniam. Sequi omnis et dolorem aliquid qui dolor et.</p><p>Maiores earum eos minus voluptas esse. Eos numquam esse quibusdam dolore consectetur nam. Ea rerum et dignissimos accusantium. Consectetur sapiente veniam ullam quo fugiat. Asperiores molestiae id velit.</p><p>Qui quia dolores quis placeat ea inventore. Magnam aut ut asperiores omnis occaecati.</p><p>Aut sunt qui delectus nisi qui in. Corrupti aperiam quos sapiente. Qui facere voluptas quia enim.</p><p>Illum quaerat debitis vitae veritatis laudantium. Atque odit molestiae quibusdam tempore ipsam. Eos nemo voluptatibus deleniti ipsum. Consequatur tempora deserunt consequuntur ea fugiat recusandae.</p><p>Voluptas sit veritatis blanditiis ex quod atque aut in. Soluta eligendi sit cupiditate et impedit voluptatem. Nobis qui corporis excepturi ducimus reiciendis dolore. Ratione nesciunt ad rem dicta consectetur quod et eaque. Earum commodi eum ut consequatur et at recusandae sint.</p><p>Est cupiditate rerum possimus possimus. Placeat ut quidem esse ratione. Et ea ut perspiciatis animi est. Ipsam repellendus praesentium molestiae voluptatem accusamus doloribus consectetur.</p><p>Perferendis laudantium omnis adipisci ut nihil. Est et iusto aperiam minus nulla. Cumque aut ut impedit et fugit corrupti.</p><p>Voluptate enim dolores nemo consequatur. Minus sapiente id excepturi similique nam. Unde eum est fugit voluptas.</p>',NULL,'2021-11-24 20:30:10','2021-11-24 20:30:10'),(6,2,1,'Ipsum quas assumenda blanditiis ipsam.','consectetur-suscipit-quis-culpa-omnis-necessitatibus','Quidem minima earum et qui. Assumenda in aut aut expedita consectetur eos omnis quos. Et non eos consectetur eos dolor. Ullam enim eum laborum aperiam aut perferendis sed.','<p>Eligendi quo corrupti consequuntur quis et. Qui odit voluptate nulla nisi consequatur.</p><p>Sed dolor mollitia eius commodi. Eius non totam et. Laborum accusamus quibusdam provident reiciendis expedita. Recusandae quidem qui deserunt commodi dolore placeat nesciunt quisquam.</p><p>Ut veniam quos voluptatum explicabo qui qui et cumque. Officiis nemo aut qui iste sequi. Est quia quos dolores.</p><p>Repellendus modi quasi et ratione provident. Quo deserunt qui minus sed ducimus nostrum. Temporibus sapiente pariatur provident eos ratione. Impedit minus enim fugiat animi.</p><p>Et aspernatur quas dignissimos et vel aut. Consequatur tenetur non laudantium. Incidunt libero rem eos quia sed. Aut neque et qui ratione perferendis itaque.</p><p>Fuga et eos iure. Molestias ipsum ab blanditiis minima nemo velit vero ut. Dignissimos corporis qui illum repudiandae.</p><p>Similique eum et architecto. Minus iure asperiores modi quisquam ut et commodi repellat. Animi et omnis similique. Debitis eaque qui totam ut.</p><p>Amet ex sed eum hic iusto occaecati ipsum sunt. Consequatur sequi iusto repellendus dicta numquam. Sint ipsa sed aspernatur odit. Nesciunt sapiente veniam sit. Et et cumque maiores praesentium.</p><p>Est incidunt sed ut officia esse aut eum. Quia quis doloremque laudantium autem autem et assumenda. Dicta molestiae accusamus itaque provident nemo natus. Ducimus dolores tempore ut quis sequi vero. Accusantium maxime qui voluptas est sint vitae.</p>',NULL,'2021-11-24 20:30:10','2021-11-24 20:30:10'),(7,1,2,'Inventore dolores.','qui-qui-est-consectetur-qui-aut-consequuntur','Voluptatibus sit consectetur sed ut nobis. Et voluptatem incidunt illum ea. Quam iste consequatur in ducimus distinctio.','<p>Et iure et accusamus deserunt. Sed quibusdam illo rerum et aliquid excepturi. Et laborum eveniet dignissimos consectetur excepturi veritatis minus. Expedita ut incidunt non dolores quisquam.</p><p>Fugit veniam ducimus unde nulla sed ratione a. Dolorem placeat sed minus aut sed explicabo et. Asperiores provident illum est repellat. Voluptatum et rerum omnis quasi qui assumenda dolorum autem.</p><p>Voluptates culpa doloribus aut ut sequi. Voluptas exercitationem et est est eos. Ut reiciendis odit ipsum a dignissimos beatae consectetur.</p><p>Autem nemo assumenda facilis eligendi dolorem deleniti laborum. Natus fugiat quis rerum vel id qui asperiores. Id odit quas harum voluptatem ullam magnam et. Atque saepe aperiam ut possimus nulla sequi rerum. Omnis quis officia sit repellat.</p><p>Praesentium sed doloribus sequi expedita dolorem. Odit ut sed doloremque minima id. Eum et similique rerum quia quis. Ipsa nostrum est dolores quis recusandae.</p><p>Optio maiores maxime modi distinctio exercitationem. Nihil iusto voluptatem assumenda. Eum adipisci illo aut est et doloribus. Possimus mollitia voluptates quia consectetur deserunt.</p>',NULL,'2021-11-24 20:30:10','2021-11-24 20:30:10'),(8,1,2,'Quas molestiae numquam est voluptatum id et blanditiis temporibus omnis.','commodi-cumque-repellat-debitis-recusandae-quia-et','Aut odio ut ratione voluptatum est esse. Nulla voluptas sequi excepturi modi velit inventore repudiandae. Labore necessitatibus odio sint fuga voluptatem odio.','<p>Aut amet aliquam consequatur a. Tempore nemo sed quis mollitia. Nobis repellendus quo et culpa. Animi itaque voluptate qui voluptatem.</p><p>Impedit corporis nostrum est. Et impedit dolores nulla sit enim ad itaque. Accusamus quas corporis molestias ut odit facilis laudantium voluptatem. Et cumque non rerum quo.</p><p>Id minima numquam vitae aperiam et nesciunt molestias. Qui adipisci porro provident fuga et ut praesentium. Quia enim quo soluta placeat cumque. Voluptatibus recusandae nobis magni.</p><p>At est aliquid rerum commodi aut. Omnis maiores ex voluptate laboriosam voluptatem eum. Aut at sapiente nemo est sed.</p><p>Quod odit in dolorem reprehenderit. Et sunt excepturi dolorum et. Ducimus est rerum sequi optio. Occaecati fugit minima enim nisi deleniti.</p><p>Eos dolore ab molestiae voluptates nisi aut molestiae. Dolorem aliquam quos quo quasi. Et mollitia quidem sit quo voluptate a ea.</p><p>Enim amet quam occaecati in beatae fugit. Facere quidem facilis eius officia quibusdam tempora. Ea et laudantium rem ut. Numquam praesentium harum saepe et minus tenetur ad earum. Suscipit sit magni dolore fugit a.</p>',NULL,'2021-11-24 20:30:10','2021-11-24 20:30:10'),(9,1,3,'Illo nam voluptatem dignissimos dolorum.','quia-quibusdam-molestiae-quibusdam-sed-alias','Modi aut porro placeat soluta ad voluptatem. Et nemo dolores autem aut alias sit est. Necessitatibus laudantium autem ea nobis vel consequatur.','<p>Quibusdam nesciunt harum nihil amet id. Iure voluptatem voluptatem exercitationem et et. Ullam alias corrupti eos sed voluptatibus.</p><p>Tempora accusamus nesciunt repellat officiis ut autem non. Impedit eos maxime eos neque. Mollitia dolorem in quia iste. Molestias veniam minima id libero.</p><p>Sapiente ullam saepe beatae tempora veniam dolorem consequatur. Quas quae fuga nihil voluptate. Quidem non corporis fuga natus cupiditate. Assumenda commodi numquam laudantium occaecati sint quam sit.</p><p>Aliquid dolorem impedit quisquam nihil. Et libero officiis cupiditate odio quia sunt. Vitae et voluptas velit sapiente et. Molestiae dicta molestiae et illum.</p><p>Sequi amet tempora voluptas qui officiis. Ipsa maiores recusandae maxime officiis nesciunt eum. Quaerat laboriosam alias beatae dolorem rerum molestiae. Fugiat fuga molestias quo quia.</p><p>Adipisci harum minima expedita nobis. Sit velit aut facere. Perferendis ipsa ut totam libero asperiores.</p>',NULL,'2021-11-24 20:30:10','2021-11-24 20:30:10'),(10,1,2,'Rem incidunt sed iure omnis.','nemo-voluptas-et-in-consequatur-totam-itaque-magni','Aut veritatis et nulla eveniet veniam et sint. Qui est reprehenderit cupiditate minima quas autem. Quae quo quo laborum vel id. Assumenda laudantium harum voluptatem voluptatibus ducimus et temporibus.','<p>Sit dicta vitae dolorem ea expedita eum. Non dolores quod molestiae id blanditiis mollitia. Libero qui qui velit debitis. Totam qui error amet voluptatibus rerum.</p><p>Optio sed facilis molestiae corporis est saepe inventore. Sint impedit doloremque sit dolor. Aut totam ullam in modi laborum. Consequatur pariatur est animi tempora quia.</p><p>Distinctio quidem provident officia maiores recusandae. Ratione occaecati explicabo quos cumque distinctio est qui. Voluptatem odio ullam id eveniet ut culpa. Voluptas fugit et a nesciunt accusamus doloribus omnis hic.</p><p>Iusto doloremque nostrum ipsum aut ea excepturi. Iure corrupti et placeat voluptatem quo soluta et.</p><p>Ratione assumenda sed minus vel tempore vel. Error ea ut facere veritatis harum quia officiis. Dolorem dolores ut quibusdam corrupti consequuntur.</p><p>Voluptatem suscipit natus dicta vitae non mollitia. Dolorem sint ea aperiam necessitatibus quis aut. Non vel facilis alias incidunt ea provident. Sunt laborum est voluptatem et aperiam.</p><p>Doloribus magnam sed nesciunt repudiandae odit ullam ullam. Blanditiis accusamus totam mollitia. Expedita id asperiores laboriosam reiciendis.</p>',NULL,'2021-11-24 20:30:10','2021-11-24 20:30:10'),(11,1,1,'Quia possimus reprehenderit nesciunt voluptate.','illum-quia-consequatur-et-qui-voluptate','Cupiditate ducimus eveniet doloribus. Voluptates blanditiis ullam velit maiores voluptatum. Voluptatum ut voluptatem dolorum accusantium dolores minima repudiandae. Nihil placeat officiis fugiat distinctio laboriosam ratione.','<p>Consequatur neque et dicta ipsam autem consequuntur provident. Aliquam aut est voluptas odit. Veritatis quae sit nostrum illo quasi itaque totam. A omnis neque qui.</p><p>Facere nisi aut est harum voluptatem aliquid temporibus. Qui similique dignissimos aperiam alias magnam labore ea. At modi inventore dolores voluptates corporis expedita cumque. Consequatur quam unde reiciendis commodi maxime hic sit.</p><p>Sunt esse provident exercitationem et dignissimos aliquam. Qui perspiciatis aut voluptatem. Expedita et id et perferendis quas quia aliquid voluptas.</p><p>Aspernatur eius repellat optio qui autem dolores qui. Rem occaecati est dolore iure. Molestiae facere velit dolore incidunt. Sequi ducimus nihil non iste cupiditate.</p><p>Quos repellendus nihil ad quae et. Quia tenetur saepe necessitatibus eaque provident blanditiis. Facilis quo delectus eius recusandae natus.</p><p>Perferendis non totam aspernatur eum dicta ut doloribus. Aut vel beatae esse totam quibusdam nihil. Cumque quaerat non sed quae. Laudantium atque nesciunt quia similique sint.</p>',NULL,'2021-11-24 20:30:10','2021-11-24 20:30:10'),(12,1,1,'Placeat ex aut minus.','eos-eaque-dignissimos-et-reprehenderit-maiores','Eius incidunt ratione tempora laboriosam. Id voluptate ipsa aut laboriosam natus error deserunt. Fugiat praesentium dicta molestiae modi ipsa eos. Adipisci id ut non adipisci sint placeat.','<p>Minus eos ipsum sit voluptates maiores minima commodi odit. Velit voluptas sed sapiente nam earum corrupti quibusdam. Nisi dolorem maiores dolores dolor accusamus voluptate culpa nostrum.</p><p>Culpa recusandae blanditiis consectetur explicabo recusandae corporis eos consequuntur. Consectetur culpa quis culpa ut delectus velit ipsam. Voluptatibus qui placeat ducimus voluptatem.</p><p>Quaerat ut quasi et voluptas. Et rerum cupiditate molestiae quo id natus. Totam eveniet adipisci ad tempora ad. Facilis sunt recusandae ut eligendi autem voluptatibus.</p><p>Atque non in sint aut at autem ipsum. Pariatur eius id aperiam veritatis reprehenderit laudantium repellat officia. Odit ut amet quia asperiores velit velit.</p><p>Delectus ea autem esse voluptatem. Hic ea doloribus deleniti cumque. Aut ea omnis placeat vero. Ratione consequatur error tempora perferendis.</p><p>Voluptas culpa corporis quos et. Et expedita porro magnam neque repellat. Cum ea earum nobis vel.</p>',NULL,'2021-11-24 20:30:10','2021-11-24 20:30:10'),(13,2,1,'Iusto voluptatem et dicta sed et deleniti eum soluta rerum non.','eum-saepe-et-rerum','Est nesciunt enim et nesciunt. Consequatur ut ut labore quis voluptates similique ut sequi. Ipsa quidem et vel illum. Enim laborum vero vero sed velit qui suscipit. Voluptas molestias fugiat enim non enim.','<p>Porro ratione odio ex quia soluta ad molestiae. Est ut sunt dolorem et voluptatum magnam aut. Amet recusandae qui et quae.</p><p>Ut omnis veniam dolores assumenda. Sed reiciendis itaque ut velit. Odio suscipit dolores nostrum. Id aliquam ut odit iure aliquam consequatur sint.</p><p>Et molestiae necessitatibus unde eligendi non iste ducimus. Veritatis porro enim molestiae rerum. Ipsam dolor vel ab quos ut ipsam.</p><p>Placeat velit saepe consequuntur iusto debitis. Repudiandae qui dolores dignissimos distinctio exercitationem.</p><p>Error earum voluptas cumque doloremque. Fuga veniam molestiae iusto est quos eaque placeat. Velit alias tempora et. Dicta porro ut eveniet provident.</p><p>Hic maxime voluptas enim. Ut sequi tempore et dolor sed. Laboriosam neque quia nisi nihil. Occaecati voluptatem cum quae sapiente quaerat.</p>',NULL,'2021-11-24 20:30:10','2021-11-24 20:30:10'),(14,2,1,'Qui est.','et-deserunt-quod-ut-facilis','Accusantium et tenetur ex magnam. Consequatur perferendis asperiores ut dolorem quis quibusdam. Excepturi saepe exercitationem minima sapiente alias. Iste ut ipsa dolorem dolorem.','<p>Et a nostrum dolores ullam. Ut pariatur qui molestiae id quas laborum eligendi.</p><p>A vel voluptates nostrum incidunt magnam soluta impedit. Velit impedit voluptates asperiores sint. Soluta dolorem qui omnis excepturi porro odit sapiente qui. Qui temporibus facilis dolorem beatae.</p><p>Ut alias enim ut autem. Libero reiciendis illo qui sit praesentium. Molestiae magnam eum molestias commodi. Eum ad et vel corrupti.</p><p>Debitis repudiandae iusto consequatur minus aliquid. Occaecati tempora accusantium dolore. Repudiandae ut est qui doloribus sint.</p><p>Consequatur velit vel voluptate iste unde inventore et. Vel modi tempore ut. Maiores eaque laudantium eos animi. Id dolor qui debitis adipisci veniam omnis nihil.</p><p>Est delectus adipisci ratione. Neque officiis aut corporis praesentium numquam quia ipsum. Ratione esse asperiores exercitationem reprehenderit. Tempore voluptas laboriosam voluptatem alias et dolorum aut distinctio. Sequi neque et eos illum iure perferendis ea.</p><p>Sint ullam ut odit assumenda porro et. Unde amet ut non architecto cumque et. Maiores dolore dolore doloremque nihil sunt quia suscipit quia.</p><p>Quod repudiandae dicta aperiam voluptatem quia nihil. Laudantium dolorem in esse ducimus corporis error eligendi. Dolores omnis modi placeat cumque quis autem. Voluptatem accusantium quibusdam nihil officia aspernatur.</p><p>Vel iste beatae maiores quasi unde atque ex. Nemo voluptatibus enim voluptas est. Voluptatem incidunt ut a earum facere quisquam hic laudantium. Non asperiores ducimus et.</p>',NULL,'2021-11-24 20:30:11','2021-11-24 20:30:11'),(15,2,3,'Unde expedita dolore.','nesciunt-sunt-placeat-odit-quod-corrupti-asperiores-assumenda-adipisci','Sunt minima asperiores omnis amet. Quia et et iure animi sint distinctio. Laudantium sed mollitia qui quia blanditiis voluptatem. Ut sit eum natus omnis delectus. Minima dignissimos est maiores repellat aliquid voluptas.','<p>Et dignissimos in rem veniam ut eum. Veritatis commodi aut voluptatem necessitatibus et est itaque. Quam magnam amet voluptate odit.</p><p>Delectus quo ratione odio deserunt. Ut sed quas est vel maiores qui vel. Aut aut excepturi non tenetur in aspernatur voluptates.</p><p>Dolorem at itaque rerum incidunt. Consequatur impedit autem qui dolores ratione.</p><p>Est commodi consequatur nulla excepturi animi. Sit at veritatis ea.</p><p>Iusto harum aperiam dolorum sed autem quaerat veritatis doloremque. Amet corporis dolor quod sed placeat maxime. Amet modi quo totam aut eaque fugiat qui. Recusandae ut omnis dolor quam tenetur modi autem.</p><p>Dicta id itaque quaerat nihil omnis exercitationem explicabo. Odit commodi hic consectetur voluptatem adipisci aut incidunt. Molestiae exercitationem accusantium optio nihil ipsum fugiat. Maxime et culpa voluptates atque amet pariatur aperiam non.</p><p>Amet voluptatem nostrum culpa qui sint cum. Adipisci ipsam qui nihil provident saepe occaecati temporibus amet. Atque vitae doloremque quia quis aut. Explicabo harum qui maxime nulla.</p><p>Esse quam aut voluptatem corrupti non. Explicabo itaque eum molestias ut. Odio voluptatem modi incidunt voluptatibus rerum quibusdam id et. Quidem et non laborum tempora.</p><p>Omnis totam ea quis necessitatibus. Aliquam nesciunt cum et et. Ut voluptatem eos dolor necessitatibus exercitationem aut. Nam eos ea nisi quae.</p>',NULL,'2021-11-24 20:30:11','2021-11-24 20:30:11'),(16,1,1,'Praesentium a ut.','beatae-odio-voluptatem-ducimus-in-corporis-ab-molestias','Repellat velit pariatur deleniti itaque qui ut deleniti. Corporis fugit id deserunt alias ipsam vel dolor. Sint veritatis temporibus ipsum voluptates perferendis placeat esse. Neque illum praesentium quae quod.','<p>Dicta natus consequatur aut. Molestias libero autem excepturi iure ipsum corporis molestiae sunt. Amet ea explicabo quos.</p><p>Sapiente quidem soluta distinctio aut qui quos. Esse velit ab autem aut laudantium at qui voluptas. Blanditiis qui tenetur non. Esse nesciunt ipsum eos ut.</p><p>Accusamus quia doloremque explicabo aspernatur aut. Ut sint ea beatae sit. Odit ullam nam dolores sunt eligendi molestias. Cum eum eos enim et itaque architecto quod.</p><p>Veritatis in voluptates laboriosam voluptatem. Est voluptatem voluptatem nobis corporis dolorum. Aut ut dignissimos nisi eveniet rem tenetur qui.</p><p>Cum et quas iste aut ipsum et. Atque totam aspernatur quos minus.</p>',NULL,'2021-11-24 20:30:11','2021-11-24 20:30:11'),(17,2,3,'Veritatis ipsum sint neque quia eos quod.','debitis-rem-non-ut','Sapiente consectetur debitis consequatur non odit quibusdam quo. Distinctio repellat modi aperiam fuga quaerat eum officia nulla. Quod hic fuga adipisci error adipisci neque cumque.','<p>Voluptas voluptas dicta ut maiores voluptatibus autem nobis iure. In laboriosam unde quis pariatur sequi enim molestiae. Est deleniti voluptas eius et. Quae saepe similique optio hic quod accusantium.</p><p>Et possimus inventore ab deleniti officia eos atque. Quia accusantium velit repudiandae fuga delectus. Voluptas corporis eligendi et aut. Sint ab omnis enim aliquid quis.</p><p>Itaque nisi in atque esse. Porro nesciunt eum quas est quae. Voluptas beatae distinctio voluptates voluptatem voluptatum qui.</p><p>Ullam exercitationem quas sunt consectetur non est. Nisi dolores nobis eos inventore quidem. Aut et laboriosam dolores a et culpa non.</p><p>Numquam aut sapiente facilis doloremque corrupti dignissimos neque. Voluptates ut voluptatem aut accusantium nobis officia nulla officia. Exercitationem ut quibusdam voluptatem repellat nihil dolorem dolores.</p><p>Sunt facere nobis qui ea provident et. Rerum est sapiente similique molestiae animi voluptas. Et ut molestiae sit soluta aut. Occaecati at sit repudiandae aut.</p><p>Modi excepturi rem unde quasi nostrum facere dicta. Nihil ullam error qui nostrum.</p><p>Et exercitationem accusamus neque et recusandae aut hic. Esse voluptatem magni nihil sit eligendi. Accusantium et nihil eum tempore earum.</p>',NULL,'2021-11-24 20:30:11','2021-11-24 20:30:11'),(18,1,2,'Officia culpa occaecati.','distinctio-dolorem-facilis-quisquam-error-numquam','Non laudantium dolores aspernatur quod similique quaerat. Fugit repudiandae in laboriosam maiores.','<p>Voluptatem veritatis dolorum temporibus non fugit. Eligendi corrupti animi vero omnis vero vel quo rerum. Sint eaque similique ipsa eaque.</p><p>Repudiandae laudantium ut molestiae neque in eum. Et et suscipit autem sint. Pariatur et aperiam voluptas alias ipsa ut laborum blanditiis. Quidem explicabo harum vel facere quis.</p><p>Dolore ratione ipsa sequi deserunt delectus placeat qui sequi. Sunt ullam molestiae vero quidem eos. Enim excepturi quaerat aliquam est suscipit.</p><p>Provident cupiditate aspernatur id voluptas distinctio et harum. Molestiae labore temporibus doloribus delectus. Et ut mollitia qui amet sit quia. Possimus in adipisci blanditiis qui nihil fugiat sunt.</p><p>Dolorem voluptatibus non quia voluptatem repellat. Nihil qui aut vel sint dolor. Quia in tenetur quia consectetur aliquam ad quis.</p><p>Sunt maxime eius autem voluptate rerum ipsam. Non occaecati aut ea a consequatur. Praesentium ab dicta minima omnis. Mollitia quod facilis laudantium nesciunt in soluta iusto.</p><p>Quod omnis officia omnis sed sit voluptas aperiam officia. Vero unde et sint. Animi qui temporibus harum ut id.</p>',NULL,'2021-11-24 20:30:11','2021-11-24 20:30:11'),(19,2,1,'Delectus ut inventore itaque amet porro vero sunt in.','libero-fugit-reiciendis-deleniti-cumque-et','Delectus dolor enim animi ea. Laboriosam in excepturi sint doloremque debitis unde. Quo neque quam nihil et non sequi et. Aperiam consequatur ea soluta dolores minus dolores occaecati.','<p>Debitis ipsa ut harum quia error. Molestias repellat eos quia consequatur explicabo necessitatibus. Quia et expedita id eaque. Amet quos in dicta adipisci enim magnam.</p><p>Sapiente repellat reprehenderit ducimus dolorum nihil fuga ut. Aut placeat repellendus consequatur voluptas cum dolore qui at. Quis quasi tempore at eveniet laborum unde dicta.</p><p>Sint porro reprehenderit laborum laborum quia consequatur. Architecto quam quia in explicabo ex voluptas. Voluptates est est sapiente placeat omnis fugiat sunt.</p><p>Non dolor quia deserunt recusandae earum id voluptatem. Dolores accusamus officiis eaque cupiditate culpa. Explicabo in possimus sunt aut.</p><p>Voluptatum enim sit et earum. Et atque aspernatur doloribus vel ipsa necessitatibus. Voluptatem aliquid quo odit dignissimos. Iste possimus et dicta ducimus modi.</p><p>Est harum modi fuga reprehenderit hic. Animi consequuntur at illo. Autem sunt sunt ipsam explicabo possimus.</p>',NULL,'2021-11-24 20:30:11','2021-11-24 20:30:11'),(20,1,1,'Dolor magnam corporis optio minus et expedita voluptatem hic.','voluptatem-velit-quam-necessitatibus-repudiandae-dignissimos-fugiat','Quia ab in voluptatibus velit ab. Architecto voluptatem assumenda enim modi. Vel consequatur autem libero sit. Voluptas dolore commodi natus vel.','<p>Odio perferendis culpa error praesentium. Ipsam quia et laborum est dolor vero quisquam. Libero eveniet et consequatur voluptatum eveniet qui et vel.</p><p>Quae cupiditate non officia. Rerum accusamus laborum laborum tempore quis. Ut corrupti voluptatum sapiente dolor. In praesentium nihil nesciunt non enim.</p><p>Vero distinctio ut temporibus maiores. Omnis error voluptas voluptate. Natus blanditiis quam beatae qui.</p><p>Qui cupiditate consequatur ratione numquam omnis tenetur labore est. Rerum adipisci sed veritatis sed et. Inventore magni corrupti placeat natus ex. Quas cum qui ratione. Deserunt optio velit expedita in soluta amet.</p><p>Tempora illum nulla ut corporis voluptatem veritatis. Cumque molestiae architecto enim voluptatem recusandae velit. Facere et beatae ipsum occaecati et praesentium. Rerum voluptatem reprehenderit necessitatibus esse voluptatibus quis.</p><p>Asperiores tempore impedit aut praesentium sunt eum rerum. Et neque consequatur temporibus quia aut nihil officiis eos. Aspernatur suscipit velit est ipsam. Delectus rerum suscipit deleniti et ipsam.</p><p>Quia voluptas unde nihil velit corporis et quia. Aut dicta rerum nisi eius deserunt autem aut. Laudantium error culpa consequatur cumque.</p><p>Optio non voluptas consectetur non qui. Vel et esse ab tenetur animi accusantium et iste. Sunt aut consequatur minus animi repellat doloremque id. Vero est eum accusamus voluptatem est quo aut.</p>',NULL,'2021-11-24 20:30:11','2021-11-24 20:30:11'),(21,2,2,'Cum laborum amet et repellat soluta sit.','vero-adipisci-maiores-qui-culpa-et-expedita-rem','Id fugit explicabo est. Consequuntur asperiores dolorem et vero. Illum necessitatibus quia excepturi dolore.','<p>Facere id est dolorem placeat iure et. Doloribus deleniti ipsa deserunt error sed. Qui quas quia quia est voluptatum voluptatum reiciendis repudiandae. Error omnis enim et sit ab eum.</p><p>Dolorem doloremque eius voluptatum. Minus dolor non enim minus rem. Repudiandae repellat aliquam rem. Officiis doloremque aliquam aliquid voluptatibus.</p><p>Ut laboriosam ducimus dolorum tenetur ipsa a. Et quod quae qui perspiciatis odio. Et molestiae architecto et consequatur perferendis unde. Consequatur iure culpa et a ipsum voluptatem velit.</p><p>Est eveniet et vero. Et recusandae quis optio. Excepturi deserunt atque ut sequi.</p><p>In et voluptatem deserunt consequatur. Quos vel exercitationem quia provident doloremque et. Eius ea occaecati sed qui est. Ratione dolor molestiae voluptas qui natus et occaecati neque. Nostrum beatae praesentium autem.</p><p>Commodi et repellat quo facilis rerum. Quis aut fugit ipsam excepturi qui. Architecto necessitatibus eum et et quis ut enim. Aut praesentium eveniet ab facilis enim nostrum nisi placeat.</p><p>Earum alias quo ut. Sunt ad molestias aut atque. Voluptatem error est minus voluptates sed ut ad. Et repudiandae sint modi minima quibusdam maxime et.</p><p>Velit rerum accusantium corporis ea cumque. Non enim repellat aut rerum molestiae dignissimos quo. Blanditiis voluptate assumenda quis sapiente. Minus perspiciatis aut molestias qui. Aut veniam quis dignissimos sed est est soluta.</p><p>Voluptas facilis velit porro at. Fuga quidem quo qui nesciunt ut. Molestias explicabo quas corrupti omnis a omnis maiores.</p><p>Autem sed eius sint saepe qui quibusdam qui. In at repellendus molestiae id dolorem aut quas excepturi. Laudantium possimus aperiam reiciendis consequatur.</p>',NULL,'2021-11-24 20:30:11','2021-11-24 20:30:11'),(22,1,1,'Quia et.','quis-ipsam-eius-laudantium-cumque-quibusdam-dolores','Nam molestias rerum ducimus fugiat quo et. Placeat numquam non rem atque. Commodi laboriosam delectus repellat dicta.','<p>Odit non blanditiis qui aut velit. Eos nobis recusandae et facilis. Aut consectetur non excepturi autem.</p><p>Molestiae consequatur nam laboriosam molestias consequatur. Molestias harum dolorem accusamus similique soluta molestias doloribus. Sapiente ullam est laborum et. Minus qui quia quaerat nihil quasi et.</p><p>Sit voluptatem consequuntur nostrum voluptatem. Officiis molestiae rerum dolor at provident accusantium. Voluptas voluptatem perferendis quo excepturi aut aperiam consectetur. Qui dolor recusandae molestias rerum libero.</p><p>Temporibus rem quod aut harum facere ea sit. Eum repudiandae porro omnis qui accusamus et sit. Inventore vel aut harum incidunt repellat. Ut officia molestiae exercitationem enim et maiores.</p><p>Reiciendis et dicta maiores nihil. Sit sit qui dignissimos eveniet rerum incidunt magni voluptate. Nemo nostrum qui nisi odit. Alias voluptate nobis dolores nihil ducimus voluptas.</p>',NULL,'2021-11-24 20:30:11','2021-11-24 20:30:11'),(23,1,1,'Eos repudiandae est non sapiente dolor cupiditate.','laborum-voluptatibus-qui-dolorem-deleniti','Ex rerum molestiae quia iusto. Nisi enim dolores commodi illo dolores aliquid. Et accusantium minima quisquam dolorem.','<p>Ab non aut porro sit. Unde dolorum quam distinctio. Voluptatum voluptas iure rerum ducimus molestiae.</p><p>Autem eum explicabo id sed. Aut repellat cum distinctio molestiae rem rerum. Laudantium nostrum voluptas reiciendis earum. Et quisquam et cupiditate voluptate sapiente ullam corporis quaerat.</p><p>Enim perspiciatis perferendis dolores iure ut consequuntur velit. Iusto nesciunt et saepe dolorum sint harum non voluptas. Ab repellat libero quisquam in. Quam aut eveniet impedit saepe aut.</p><p>Voluptatem suscipit explicabo iste nesciunt quam. Voluptatem facilis sunt autem provident neque. Omnis numquam totam doloremque dolorem et dolores officia. Perspiciatis et consequatur aliquid quasi sed sequi.</p><p>Ea eligendi nihil non modi similique perspiciatis est. Porro quasi iste sit natus. Quam debitis optio aut fugit quod. Quisquam harum dolorum magni in pariatur quaerat.</p><p>Dolores libero neque numquam vel. Rem ut debitis cumque. Quod dolorem assumenda velit perferendis.</p><p>Minus quae veritatis sequi consequatur. Inventore voluptate et quia. Aut voluptatem sunt possimus est quo officia.</p><p>Quo neque culpa et et eveniet. Maxime nisi provident et consequuntur aut. Commodi voluptas et qui reprehenderit est.</p><p>Est natus velit assumenda velit quod perspiciatis fugit. Voluptatem provident laudantium saepe et perferendis. Ipsum molestiae ut ducimus qui.</p><p>Sit numquam ipsum atque accusamus natus assumenda quos. Nulla est autem quaerat neque a nulla aut. Possimus eveniet et eligendi eos consequatur fugiat ullam consectetur.</p>',NULL,'2021-11-24 20:30:11','2021-11-24 20:30:11'),(24,1,2,'Ex porro et sint facilis veritatis quod libero.','vero-quo-molestias-libero-placeat-aut-voluptas','Totam qui quod sint nobis. Voluptatem minima omnis velit id officia. Distinctio sit aut est fuga et doloribus.','<p>Fuga officia enim eligendi molestias nostrum provident magnam labore. Cumque reprehenderit ea incidunt ipsum. Officia eligendi eius et consequuntur occaecati id sit.</p><p>Rerum eveniet sapiente nostrum eum dolorum alias et. Accusamus incidunt illo autem veritatis adipisci illo. Quo enim animi ducimus est amet dolorem nesciunt.</p><p>Porro qui reprehenderit dolores ipsa non aliquid. Ad voluptate a voluptatem corrupti id nemo. Perferendis saepe iure dolores quis numquam possimus.</p><p>Eaque aliquam et ducimus maxime et nam cupiditate itaque. Et mollitia libero ad voluptatibus. Sequi facere molestiae eos fugit deleniti delectus sapiente.</p><p>Qui laborum qui voluptatem expedita nulla. Quia nemo mollitia enim dolorum ut molestias. Rerum et est sint laborum ea odio.</p><p>Aut odio sed laudantium exercitationem quasi ut atque. Tempora doloribus animi quam velit. At voluptas enim enim et ut dolorum. Autem est animi officia ut qui.</p><p>Sit est voluptatem non eligendi similique ad. Quia mollitia molestiae deleniti eum. Ut labore quae ratione aut minima vel et culpa. Tempore voluptate harum quisquam repellendus eius ratione libero natus.</p><p>Excepturi aliquam modi aperiam magnam impedit repudiandae. Illo earum quasi a aut ullam. Non qui quia ut quos nihil consequatur quis. Dolorem quia et id aperiam tenetur consequatur.</p><p>Voluptatibus magni molestiae impedit sed neque. Labore molestiae nisi corporis.</p>',NULL,'2021-11-24 20:30:11','2021-11-24 20:30:11'),(25,2,3,'At voluptatibus earum iste.','voluptatem-exercitationem-tempore-aut-soluta-est-possimus-eius','Eius illum qui qui deserunt repellendus est aperiam. Adipisci distinctio dolorum quia molestiae dolorem assumenda sunt molestiae. A vel vitae vel at. Totam cupiditate est ex ipsam quasi maiores delectus.','<p>Illum possimus eos ipsam quidem ducimus. Praesentium reprehenderit consequuntur esse ea earum. Voluptatem voluptatem blanditiis deserunt fugit dolore quis consequatur.</p><p>Aut excepturi suscipit quae quam. Laboriosam perferendis deleniti quibusdam earum accusamus ad. Quaerat eius est aut est.</p><p>Quam perspiciatis tempora exercitationem ex dolorem ipsa possimus. Aspernatur sint rerum corrupti nihil corrupti a et. Recusandae animi quo harum quo vero dolorem illo. Quae ut officia eos praesentium id.</p><p>Praesentium modi enim placeat velit laboriosam optio. Aut cumque iusto nihil eligendi similique sunt. Sit voluptatem eos itaque ut et sit ducimus.</p><p>Eos velit nihil voluptatem. Quia repellendus repellat quis assumenda dolorum dignissimos rerum. Nulla voluptatem aliquid neque ut.</p>',NULL,'2021-11-24 20:30:11','2021-11-24 20:30:11'),(26,2,3,'Ipsam deserunt fuga ea tempore qui ipsum.','consequatur-incidunt-hic-voluptatibus-quia-enim-ullam-eligendi','Eos reiciendis id vel. Ad quo consequatur qui unde maxime explicabo omnis. Veniam et repellat occaecati ut doloribus nihil. Et iste vero porro voluptate ducimus modi.','<p>Libero et asperiores voluptatem. Nihil molestias voluptatibus rerum. Ipsum corporis similique dicta sunt.</p><p>A non rem harum dicta. Numquam aliquid laboriosam voluptatem et dolorum. Id earum odit quis non consequuntur qui.</p><p>Repellendus voluptas repudiandae quia ut iusto. Dignissimos nihil accusantium repellat sit. Sit eius sed exercitationem iusto.</p><p>Sunt dolorum minus veritatis est id commodi. Est qui quibusdam praesentium rerum maiores consequatur vel. Et facere animi necessitatibus quam atque ut.</p><p>Voluptatem quia quae non ut non doloremque quod. Rem omnis unde rem libero quae. Totam fuga ullam voluptatibus ratione explicabo pariatur quia.</p><p>Dolorum iste occaecati ullam repellat aut. Ea rem nihil qui. Modi autem esse aut cum nesciunt dolorem.</p><p>Qui voluptas fugiat est dolor assumenda eum ut nihil. Nihil dignissimos aut quis dolorum perspiciatis. Hic quis quo nisi omnis corporis.</p><p>Amet voluptas nihil soluta ut sunt. Blanditiis adipisci perspiciatis ea sit et recusandae. Et dolorem quae impedit.</p><p>Id error laboriosam et praesentium. Architecto optio voluptas nulla similique consequuntur. In eius et saepe unde laborum praesentium.</p>',NULL,'2021-11-24 20:30:11','2021-11-24 20:30:11'),(27,1,3,'Quidem voluptatum iste voluptatem quaerat.','natus-minus-et-voluptatem-quo','Quas inventore accusantium ullam eligendi minima dicta deleniti doloremque. Qui in ut ullam dicta aut autem. Qui explicabo nulla deleniti sint.','<p>Ullam dolorum impedit et. Ratione fuga dolorem soluta id. Distinctio ut ut vitae dolore ut. Et accusantium minima praesentium est facere.</p><p>Odit quisquam quia officia. Est accusamus doloribus libero rerum dolor libero. Nesciunt accusamus ut in quia harum quo iste.</p><p>Quae eos reprehenderit dicta tempore suscipit voluptates eligendi. Et architecto numquam voluptatem sunt culpa eos. Magni eum labore ad in similique. Eligendi nesciunt sapiente quidem quisquam ratione fugit.</p><p>Atque et qui reiciendis velit sequi et quia unde. Et corporis dignissimos non quis earum dignissimos tempora dignissimos.</p><p>Ipsum velit dignissimos explicabo quas. Sunt aliquid maxime quaerat iure. Nemo omnis repellat nihil qui ex cumque molestiae enim.</p>',NULL,'2021-11-24 20:30:11','2021-11-24 20:30:11'),(28,2,1,'Doloremque est et magnam voluptatem adipisci et.','sed-velit-ut-at-est-voluptatem-blanditiis-similique','Architecto tempore quia eaque neque in corrupti porro. Vel dolor autem animi ad. Dolorem ratione voluptas eaque.','<p>Molestiae quod quia architecto quae. Deleniti vitae sint est dolor non aut. Deserunt nesciunt non laudantium commodi corrupti molestias magni. Sed sint dolores pariatur velit ea.</p><p>Quis quaerat deserunt est saepe accusantium sapiente quas. Et molestiae similique rerum impedit vel doloribus. Eum laborum minima dolores laboriosam. Inventore harum id ut.</p><p>Est tenetur delectus voluptate veniam. Sed qui delectus reiciendis quia ullam ex molestiae. Ut quisquam qui quaerat. Qui officia distinctio nulla consectetur magni.</p><p>Quaerat sit et dolor maxime. Quia qui sit omnis. Veniam debitis quisquam rerum reiciendis est. Sit officiis ad non magnam voluptatem molestiae rerum vel.</p><p>Nisi mollitia magni voluptate soluta nam. Ratione deserunt occaecati cupiditate magni temporibus commodi aut. Inventore corrupti sed illum harum quod neque ducimus.</p><p>Debitis dolore magnam dolorem cum facere eius magni aut. Voluptas doloremque necessitatibus dolores aliquid. Facere rerum ullam molestiae quae omnis non.</p><p>Nesciunt adipisci praesentium exercitationem quis eveniet repellat et voluptatem. Quidem numquam id reiciendis beatae et. Dolores voluptatem voluptas quos magnam quia qui id.</p><p>Autem aut at sint eum. Facere officiis suscipit illo voluptatem harum quis. Quidem ex voluptas corrupti ex.</p><p>Sint sequi dolore eveniet quam nulla. At voluptatem minus dicta ab sunt fuga voluptas. Sequi animi quia quia corrupti. Tempora tenetur est libero harum assumenda voluptatibus. Quia nisi praesentium esse qui adipisci necessitatibus.</p>',NULL,'2021-11-24 20:30:11','2021-11-24 20:30:11'),(29,1,3,'Minima quis maxime qui excepturi dolor.','qui-qui-sapiente-vel-corrupti-quisquam-iure-voluptatum','Sunt beatae quis vel sit et. Doloremque quidem pariatur deleniti atque ab minima. Iure ipsum illum qui aspernatur.','<p>Est odio nihil nisi quis dolorem sint veniam. Aut placeat soluta placeat. Dolores rerum doloribus aperiam similique perferendis in excepturi. Qui at harum officiis sapiente quo minima.</p><p>Consequatur est ipsam aut accusamus et ipsum quas. Et ipsam id dolores suscipit quaerat repellat. Sunt vel sint totam. Et quae enim harum similique pariatur delectus.</p><p>Repudiandae minus ad enim mollitia consectetur sed. Et voluptates accusantium laboriosam dicta. Id aut non cupiditate ullam natus consequatur. In maxime cum odio facere necessitatibus.</p><p>Atque ut dolores laborum enim nobis adipisci aut. Cum sed quas repellat.</p><p>Nam saepe reprehenderit aut dolore nostrum. Qui aut at voluptas.</p><p>Dolorem quos id ut repudiandae maxime voluptas. Amet possimus voluptatem quam id totam explicabo quia. Deleniti expedita ab quis molestias. Laborum sapiente delectus tenetur. Ipsam illo aut aut et.</p><p>Asperiores a consequuntur pariatur sint reprehenderit. Asperiores voluptatem dicta necessitatibus ut optio iusto. Nihil quod non ea ratione. Sunt ut aut voluptatem enim quisquam.</p><p>Et quam expedita ea aspernatur. Omnis ipsum aspernatur vitae aperiam. Voluptatem molestias quia quae eaque aperiam accusantium illum aliquid. Voluptas consequatur enim officiis eos dolorem eos ut. Excepturi nesciunt ab tempora harum explicabo.</p>',NULL,'2021-11-24 20:30:11','2021-11-24 20:30:11'),(30,1,3,'Et quam dolorum quasi est deleniti quia excepturi.','iure-in-voluptate-ut-consectetur-laboriosam-quo','Quo eum ullam et voluptatem. Eum dignissimos dolores est id voluptatem. Voluptas iusto id modi quaerat dolores et asperiores. Impedit fugiat et saepe et.','<p>Tempore tempore qui nulla et. Quas explicabo ut enim. Autem ea aut voluptate tempora rerum eos maxime. Error aut quam alias dolore repudiandae. Dolores esse repellat id rerum inventore.</p><p>Error repudiandae temporibus dolores nemo. Mollitia dolore natus quia sequi. Pariatur earum dicta labore sit aperiam voluptatum unde. Neque voluptatem sunt sunt rerum.</p><p>Est qui recusandae perspiciatis ut ut tenetur. Dolores qui accusamus ex voluptate. Rem ut sed facilis et rerum ipsa at. Non impedit dolor sunt.</p><p>Quia asperiores repudiandae et officia. Qui reiciendis qui sed veritatis et rem est. Enim sed id qui vel temporibus. Eos eum libero repudiandae fuga.</p><p>Delectus enim repudiandae nesciunt omnis aut vero. Libero esse cumque est earum est. Et totam ut qui accusamus sed molestiae impedit. Harum iste et distinctio quae pariatur et quos.</p><p>Laborum est officia veritatis quibusdam fuga laborum reprehenderit. Quisquam quo facere aut aut voluptatum. Ut necessitatibus non adipisci aliquam accusamus ut temporibus. Unde quod doloribus ratione laborum.</p><p>Non corrupti at aut nobis vel. Inventore qui voluptate voluptatum consequatur praesentium omnis pariatur voluptatem. Voluptas quo inventore architecto cum voluptatem ut ullam natus.</p><p>Optio et ut incidunt sunt. Occaecati nulla reiciendis omnis repellendus consequatur possimus doloribus. Consequatur et hic est in aliquid. Est velit laborum distinctio quos consectetur quia laudantium. Dolorem quia laboriosam tenetur dolorem fuga fugiat qui.</p>',NULL,'2021-11-24 20:30:11','2021-11-24 20:30:11');
/*!40000 ALTER TABLE `posts` ENABLE KEYS */;
UNLOCK TABLES;

--
-- Table structure for table `users`
--

DROP TABLE IF EXISTS `users`;
/*!40101 SET @saved_cs_client     = @@character_set_client */;
/*!40101 SET character_set_client = utf8 */;
CREATE TABLE `users` (
  `id` bigint(20) unsigned NOT NULL AUTO_INCREMENT,
  `name` varchar(255) COLLATE utf8mb4_unicode_ci NOT NULL,
  `username` varchar(255) COLLATE utf8mb4_unicode_ci NOT NULL,
  `email` varchar(255) COLLATE utf8mb4_unicode_ci NOT NULL,
  `email_verified_at` timestamp NULL DEFAULT NULL,
  `password` varchar(255) COLLATE utf8mb4_unicode_ci NOT NULL,
  `remember_token` varchar(100) COLLATE utf8mb4_unicode_ci DEFAULT NULL,
  `created_at` timestamp NULL DEFAULT NULL,
  `updated_at` timestamp NULL DEFAULT NULL,
  PRIMARY KEY (`id`),
  UNIQUE KEY `users_username_unique` (`username`),
  UNIQUE KEY `users_email_unique` (`email`)
) ENGINE=InnoDB AUTO_INCREMENT=4 DEFAULT CHARSET=utf8mb4 COLLATE=utf8mb4_unicode_ci;
/*!40101 SET character_set_client = @saved_cs_client */;

--
-- Dumping data for table `users`
--

LOCK TABLES `users` WRITE;
/*!40000 ALTER TABLE `users` DISABLE KEYS */;
INSERT INTO `users` VALUES (1,'Prabawa Malik Firmansyah','aswani.nasyiah','snarpati@gmail.com','2021-11-24 20:30:10','$2y$10$xKutW.qd9FUTyvilbYeJZuVkzdIDTMpDD9biI3HMuBFLni0/rt88y','RSzci9thcX','2021-11-24 20:30:10','2021-11-24 20:30:10'),(2,'Malik Wasita S.Pd','nnugroho','yuni26@gmail.com','2021-11-24 20:30:10','$2y$10$xKutW.qd9FUTyvilbYeJZuVkzdIDTMpDD9biI3HMuBFLni0/rt88y','lMddDdd50FXFwOCQHegN35vPNeyCEPVeE95h93q6RTUvAPxzrDNbs7fwhIYr','2021-11-24 20:30:10','2021-11-24 20:30:10'),(3,'Airi Quin','hyochan','hyochan_09@yahoo.com','2021-11-24 20:30:10','$2y$10$xKutW.qd9FUTyvilbYeJZuVkzdIDTMpDD9biI3HMuBFLni0/rt88y','gUojCRyHxUkboNdVwb7eYSYqFYQ1tDMwc2XHeqrPkPbLiHFIv1BZk733BlR1','2021-11-24 20:30:10','2021-11-24 20:30:10');
/*!40000 ALTER TABLE `users` ENABLE KEYS */;
UNLOCK TABLES;
/*!40103 SET TIME_ZONE=@OLD_TIME_ZONE */;

/*!40101 SET SQL_MODE=@OLD_SQL_MODE */;
/*!40014 SET FOREIGN_KEY_CHECKS=@OLD_FOREIGN_KEY_CHECKS */;
/*!40014 SET UNIQUE_CHECKS=@OLD_UNIQUE_CHECKS */;
/*!40101 SET CHARACTER_SET_CLIENT=@OLD_CHARACTER_SET_CLIENT */;
/*!40101 SET CHARACTER_SET_RESULTS=@OLD_CHARACTER_SET_RESULTS */;
/*!40101 SET COLLATION_CONNECTION=@OLD_COLLATION_CONNECTION */;
/*!40111 SET SQL_NOTES=@OLD_SQL_NOTES */;

-- Dump completed on 2021-12-30 12:07:23
